old_name,new_name,Found,EQUAL,,,,,,,
"10-Yard Fight (USA, Europe)","10-Yard Fight (USA, Europe)",Y,OK,,,,,,,
"1942 (Japan, USA)","1942 (Japan, USA)",Y,OK,,,,,,,
1943,1943 - The Battle of Midway (USA),Y,NOK,mv '1943.nes' '1943 - The Battle of Midway (USA).nes',,,,,,mv 1943.nes '1943 - The Battle of Midway (USA).nes'
8 Eyes (USA),8 Eyes (USA),Y,OK,,,,,,,
Abadox,Abadox - The Deadly Inner War (USA),Y,NOK,mv 'Abadox.nes' 'Abadox - The Deadly Inner War (USA).nes',,,,,,
Addams_family,"Addams Family, The (USA)",N,NOK,,,,,,,
"Addams Family - Pugsley's Scavenger Hunt, The (U)","Addams Family, The - Pugsley&apos;s Scavenger Hunt (USA)",N,NOK,,,,,,,
AdvCaptC,Captain Comic - The Adventure (USA) (Unl),N,NOK,,,,,,,
Adventure Island 3,Adventure Island 3 (USA),Y,NOK,mv 'Adventure Island 3.nes' 'Adventure Island 3 (USA).nes',,,,,,
Adventure Island 4,notfound,N,NOK,,,,,,,
Adventure Island II (USA),Adventure Island II (USA),Y,OK,,,,,,,
Adventure Island (USA),Adventure Island (USA),Y,OK,,,,,,,
Adventures in the Magic Kingdom (USA),Adventures in the Magic Kingdom (USA),Y,OK,,,,,,,
Adventures of Dino Riki (USA),Adventures of Dino Riki (USA),Y,OK,,,,,,,
Adventures of Lolo 2 (USA),Adventures of Lolo 2 (USA),Y,OK,,,,,,,
Adventures of Lolo 3 (USA),Adventures of Lolo 3 (USA),Y,OK,,,,,,,
Adventures of Lolo (USA),Adventures of Lolo (USA),Y,OK,,,,,,,
AdvRadGr,"Adventures of Rad Gravity, The (USA)",N,NOK,,,,,,,
Air Fortress (USA),Air Fortress (USA),Y,OK,,,,,,,
Alfred Chicken (USA),Alfred Chicken (USA),Y,OK,,,,,,,
Alien Syndrome (USA) (Unl),Alien Syndrome (USA) (Unl),Y,OK,,,,,,,
Alpha Mission (USA),Alpha Mission (USA),Y,OK,,,,,,,
Al Unser Jr. Turbo Racing (USA),Al Unser Jr. Turbo Racing (USA),Y,OK,,,,,,,
Amagon (USA),Amagon (USA),Y,OK,,,,,,,
American Gladiators (USA),American Gladiators (USA),Y,OK,,,,,,,
A Nightmare On Elm Street,"Nightmare on Elm Street, A (USA)",N,NOK,,,,,,,
Archon (USA),Archon (USA),Y,OK,,,,,,,
Arch Rival,Arch Rivals - A Basketbrawl! (USA),Y,NOK,mv 'Arch Rival.nes' 'Arch Rivals - A Basketbrawl! (USA).nes',,,,,,
Arkista's Ring (USA),Arkista's Ring (USA),Y,OK,,,,,,,
Astyanax (USA),Astyanax (USA),Y,OK,,,,,,,
Athena (USA),Athena (USA),Y,OK,,,,,,,
Attack of the Killer Tomatoes (USA),Attack of the Killer Tomatoes (USA),Y,OK,,,,,,,
Baby Boomer (USA) (Unl),Baby Boomer (USA) (Unl),Y,OK,,,,,,,
Back to the Future Part II & III (USA),Back to the Future Part II & III (USA),Y,OK,,,,,,,
Bad Dudes (USA),Bad Dudes (USA),Y,OK,,,,,,,
Bad News Baseball (USA),Bad News Baseball (USA),Y,OK,,,,,,,
Bad Street Brawler (USA),Bad Street Brawler (USA),Y,OK,,,,,,,
Balloon Fight (USA),Balloon Fight (USA),Y,OK,,,,,,,
BardTale,"Bard&apos;s Tale, The (USA)",N,NOK,,,,,,,
Barker Bill's Trick Shooting (USA),Barker Bill's Trick Shooting (USA),Y,OK,,,,,,,
Baseball Simulator 1.000 (USA),Baseball Simulator 1.000 (USA),Y,OK,,,,,,,
Baseball Stars II (USA),Baseball Stars II (USA),Y,OK,,,,,,,
Baseball Stars (USA),Baseball Stars (USA),Y,OK,,,,,,,
Bases_loaded2,Bases Loaded II - Second Season (USA),N,NOK,,,,,,,
Bases Loaded 3 (USA),Bases Loaded 3 (USA),Y,OK,,,,,,,
Bases Loaded 4 (USA),Bases Loaded 4 (USA),Y,OK,,,,,,,
Batman,Batman Returns (USA),Y,NOK,mv 'Batman.nes' 'Batman Returns (USA).nes',,,,,,
Batman_return_of_the_joker,Batman - Return of the Joker (USA),N,NOK,,,,,,,
Batman Returns (USA),Batman Returns (USA),Y,OK,,,,,,,
battleolympus,"Battle of Olympus, The (USA)",N,NOK,,,,,,,
Battletoads-Double Dragon (USA),Battletoads-Double Dragon (USA),Y,OK,,,,,,,
Battletoads (USA),Battletoads (USA),Y,OK,,,,,,,
Bill & Ted's Excellent Video Game Adventure (USA),Bill & Ted's Excellent Video Game Adventure (USA),Y,OK,,,,,,,
Bionic Commando (USA),Bionic Commando (USA),Y,OK,,,,,,,
Black_bass,"Black Bass, The (USA)",N,NOK,,,,,,,
Blades of Steel (USA),Blades of Steel (USA),Y,OK,,,,,,,
Blaster Master (USA),Blaster Master (USA),Y,OK,,,,,,,
"BlueMarlin,The","Blue Marlin, The (USA)",N,NOK,,,,,,,
Bomberman II (USA),Bomberman II (USA),Y,OK,,,,,,,
Bomberman (USA),Bomberman (USA),Y,OK,,,,,,,
Bonk's Adventure (USA),Bonk's Adventure (USA),Y,OK,,,,,,,
BoynBlob,"Boy and His Blob, A - Trouble on Blobolonia (USA)",N,NOK,,,,,,,
BreakThru (USA),BreakThru (USA),Y,OK,,,,,,,
Bubble_bobble2,Bubble Bobble Part 2 (USA),N,NOK,,,,,,,
Bubble Bobble (USA),Bubble Bobble (USA),Y,OK,,,,,,,
Bucky O'Hare (USA),Bucky O'Hare (USA),Y,OK,,,,,,,
BugsBday,"Bugs Bunny Birthday Blowout, The (USA)",N,NOK,,,,,,,
Bugs_bunny_crazy_castle,"Bugs Bunny Crazy Castle, The (USA)",N,NOK,,,,,,,
Burai Fighter (USA),Burai Fighter (USA),Y,OK,,,,,,,
BurgerTime (USA),BurgerTime (USA),Y,OK,,,,,,,
Cabal (USA),Cabal (USA),Y,OK,,,,,,,
Capcom's Gold Medal Challenge '92 (USA),Capcom's Gold Medal Challenge '92 (USA),Y,OK,,,,,,,
Captain America and the Avengers (USA),Captain America and the Avengers (USA),Y,OK,,,,,,,
Captain Planet and the Planeteers (USA),Captain Planet and the Planeteers (USA),Y,OK,,,,,,,
Castle of Dragon (USA),Castle of Dragon (USA),Y,OK,,,,,,,
Castlevania2,Castlevania II - Simon&apos;s Quest (USA),N,NOK,,,,,,,
castlevania3,Castlevania III - Dracula&apos;s Curse (USA),N,NOK,,,,,,,
Castlevania (USA),Castlevania (USA),Y,OK,,,,,,,
Caveman Games (USA),Caveman Games (USA),Y,OK,,,,,,,
ChalPebl,notfound,N,NOK,,,,,,,
Chase_hq,Chase (World) (Unl),N,NOK,,,,,,,
Chip & Dale 2,Chip &apos;n Dale - Rescue Rangers 2 (USA),N,NOK,,,,,,,
Chip & Dale,Chip &apos;n Dale - Rescue Rangers (USA),N,NOK,,,,,,,
ChoujinSentai-Jetman,notfound,N,NOK,,,,,,,
ChrnRad,notfound,N,NOK,,,,,,,
ChukaTaisen,notfound,N,NOK,,,,,,,
Circus Caper (USA),Circus Caper (USA),Y,OK,,,,,,,
City Connection (USA),City Connection (USA),Y,OK,,,,,,,
Clash at Demonhead (USA),Clash at Demonhead (USA),Y,OK,,,,,,,
Cobra Command (USA),Cobra Command (USA),Y,OK,,,,,,,
Cobra Triangle (USA),Cobra Triangle (USA),Y,OK,,,,,,,
Cocoron,notfound,N,NOK,,,,,,,
CodeVipr,Code Name - Viper (USA),N,NOK,,,,,,,
Conquest of the Crystal Palace (USA),Conquest of the Crystal Palace (USA),Y,OK,,,,,,,
Contra Force (USA),Contra Force (USA),Y,OK,,,,,,,
Contra (USA),Contra (USA),Y,OK,,,,,,,
Cool World (USA),Cool World (USA),Y,OK,,,,,,,
CosmoPolice,Cosmos Cop (Spain) (Unl),N,NOK,,,,,,,
Cowboy Kid (USA),Cowboy Kid (USA),Y,OK,,,,,,,
CrashBoy,Crash &apos;n&apos; the Boys - Street Challenge (USA),N,NOK,,,,,,,
Crash_dummies,"Incredible Crash Dummies, The (USA)",N,NOK,,,,,,,
Crystalis (USA),Crystalis (USA),Y,OK,,,,,,,
Danny Sullivan's Indy Heat (USA),Danny Sullivan's Indy Heat (USA),Y,OK,,,,,,,
Darkman (USA),Darkman (USA),Y,OK,,,,,,,
Darkwing Duck (USA),Darkwing Duck (USA),Y,OK,,,,,,,
Dash Galaxy in the Alien Asylum (USA),Dash Galaxy in the Alien Asylum (USA),Y,OK,,,,,,,
Day Dreamin' Davey (USA),Day Dreamin' Davey (USA),Y,OK,,,,,,,
DeepDungeon4,notfound,N,NOK,,,,,,,
Deja Vu (USA),Deja Vu (USA),Y,OK,,,,,,,
Demon Sword - Release the Power (USA),Demon Sword - Release the Power (USA),Y,OK,,,,,,,
DestEm2,Destiny of an Emperor (USA),N,NOK,,,,,,,
Destiny of an Emperor (USA),Destiny of an Emperor (USA),Y,OK,,,,,,,
Dig Dug II - Trouble in Paradise (USA),Dig Dug II - Trouble in Paradise (USA),Y,OK,,,,,,,
Digger,Digger - The Legend of the Lost City (USA),Y,NOK,mv 'Digger.nes' 'Digger - The Legend of the Lost City (USA).nes',,,,,,
Dizzy the Adventurer (USA) (Unl),Dizzy the Adventurer (USA) (Unl),Y,OK,,,,,,,
Donkey Kong 3 (World),Donkey Kong 3 (World),Y,OK,,,,,,,
"Donkey Kong Classics (USA, Europe)","Donkey Kong Classics (USA, Europe)",Y,OK,,,,,,,
"Donkey Kong Jr. Math (USA, Europe)","Donkey Kong Jr. Math (USA, Europe)",Y,OK,,,,,,,
Donkey Kong (World),Donkey Kong (World),Y,OK,,,,,,,
Doraemn,notfound,N,NOK,,,,,,,
Double Dragon 2,Double Dragon II - The Revenge (USA),N,NOK,,,,,,,
Double Dragon 3,Double Dragon III - The Sacred Stones (USA),N,NOK,,,,,,,
Dragon Fighter (USA),Dragon Fighter (USA),Y,OK,,,,,,,
Dragon's Lair (USA),Dragon's Lair (USA),Y,OK,,,,,,,
Dragon_spirit,Dragon Spirit - The New Legend (USA),N,NOK,,,,,,,
Dragon_strike,notfound,N,NOK,,,,,,,
Dragon Warrior III (USA),Dragon Warrior III (USA),Y,OK,,,,,,,
Dragon Warrior II (USA),Dragon Warrior II (USA),Y,OK,,,,,,,
Dragon Warrior IV (USA),Dragon Warrior IV (USA),Y,OK,,,,,,,
Dragon Warrior (USA),Dragon Warrior (USA),Y,OK,,,,,,,
"Dr. Mario (Japan, USA)","Dr. Mario (Japan, USA)",Y,OK,,,,,,,
DuckTales 2 (USA),DuckTales 2 (USA),Y,OK,,,,,,,
DuckTales (USA),DuckTales (USA),Y,OK,,,,,,,
DunMagic,notfound,N,NOK,,,,,,,
Dusty Diamond's All-Star Softball (USA),Dusty Diamond's All-Star Softball (USA),Y,OK,,,,,,,
Dynowarz,Dynowarz - Destruction of Spondylus (USA),Y,NOK,mv 'Dynowarz.nes' 'Dynowarz - Destruction of Spondylus (USA).nes',,,,,,
EartBnd0,Earth Bound (USA) (Proto),N,NOK,,,,,,,
Elevator Action (USA),Elevator Action (USA),Y,OK,,,,,,,
ElimBoat,Eliminator Boat Duel (USA),N,NOK,,,,,,,
Empire_strikes_back,Star Wars - The Empire Strikes Back (USA),N,NOK,,,,,,,
"Excitebike (Japan, USA)","Excitebike (Japan, USA)",Y,OK,,,,,,,
exodus,Ultima - Exodus (USA),N,NOK,,,,,,,
F15_city_war,F15 City War (USA) (Unl),N,NOK,,,,,,,
Fantasy Zone (USA) (Unl),Fantasy Zone (USA) (Unl),Y,OK,,,,,,,
faria,Faria - A World of Mystery &amp; Danger! (USA),N,NOK,,,,,,,
Faxanadu (USA),Faxanadu (USA),Y,OK,,,,,,,
Felix the Cat (USA),Felix the Cat (USA),Y,OK,,,,,,,
FerrariGrandPrixChallenge,Ferrari Grand Prix Challenge (USA),N,NOK,,,,,,,
Fester's Quest (USA),Fester's Quest (USA),Y,OK,,,,,,,
FinalF3,notfound,N,NOK,,,,,,,
Final Fantasy2,notfound,N,NOK,,,,,,,
Fire 'n Ice (USA),Fire 'n Ice (USA),Y,OK,,,,,,,
Fist of the North Star (USA),Fist of the North Star (USA),Y,OK,,,,,,,
flintstones,notfound,N,NOK,,,,,,,
Flying_dragon,Flying Dragon - The Secret Scroll (USA),N,NOK,,,,,,,
Flying Warriors (USA),Flying Warriors (USA),Y,OK,,,,,,,
formula_one_built_to_win,Formula One - Built to Win (USA),N,NOK,,,,,,,
Frankenstein,Frankenstein - The Monster Returns (USA),Y,NOK,mv 'Frankenstein.nes' 'Frankenstein - The Monster Returns (USA).nes',,,,,,
Friday the 13th (USA),Friday the 13th (USA),Y,OK,,,,,,,
FuzFght,notfound,N,NOK,,,,,,,
galaga,Galaga - Demons of Death (USA),N,NOK,,,,,,,
Galaxy 5000 (USA),Galaxy 5000 (USA),Y,OK,,,,,,,
GanbareGoemon,notfound,N,NOK,,,,,,,
Gargoyle's Quest II (USA),Gargoyle's Quest II (USA),Y,OK,,,,,,,
Gauntlet II (USA),Gauntlet II (USA),Y,OK,,,,,,,
Gauntlet (USA),Gauntlet (USA),Y,OK,,,,,,,
Ghostbusters II (USA),Ghostbusters II (USA),Y,OK,,,,,,,
Ghost_&_goblins,Ghosts&apos;n Goblins (USA),N,NOK,,,,,,,
Ghoul School (USA),Ghoul School (USA),Y,OK,,,,,,,
GIJoe_AF,G.I. Joe - The Atlantis Factor (USA),N,NOK,,,,,,,
GIJoe,G.I. Joe - A Real American Hero (USA),N,NOK,,,,,,,
Gilligan's_island,"Adventures of Gilligan&apos;s Island, The (USA)",N,NOK,,,,,,,
GloryHeracles2,notfound,N,NOK,,,,,,,
Goal! Two (USA),Goal! Two (USA),Y,OK,,,,,,,
Goal! (USA),Goal! (USA),Y,OK,,,,,,,
Godzila2,Godzilla 2 - War of the Monsters (USA),N,NOK,,,,,,,
Godzila,Godzilla - Monster of Monsters! (USA),N,NOK,,,,,,,
Golgo13,Golgo 13 - Top Secret Episode (USA),N,NOK,,,,,,,
Goonies2,"Goonies II, The (USA)",N,NOK,,,,,,,
goonies,notfound,N,NOK,,,,,,,
Gradius (USA),Gradius (USA),Y,OK,,,,,,,
Gremlins2,Gremlins 2 - The New Batch (USA),N,NOK,,,,,,,
Guerrilla War (USA),Guerrilla War (USA),Y,OK,,,,,,,
GunNac,Gun Nac (USA),N,NOK,,,,,,,
Gun.Smoke (USA),Gun.Smoke (USA),Y,OK,,,,,,,
Gyruss (USA),Gyruss (USA),Y,OK,,,,,,,
Hatris (USA),Hatris (USA),Y,OK,,,,,,,
Heavy Barrel (USA),Heavy Barrel (USA),Y,OK,,,,,,,
Heavy Shreddin' (USA),Heavy Shreddin' (USA),Y,OK,,,,,,,
HelloKittysFlowerShop,notfound,N,NOK,,,,,,,
HelloKittyWorld,notfound,N,NOK,,,,,,,
Hoops (USA),Hoops (USA),Y,OK,,,,,,,
"Ice Climber (USA, Europe)","Ice Climber (USA, Europe)",Y,OK,,,,,,,
Ikari_warriors2,Ikari Warriors II - Victory Road (USA),N,NOK,,,,,,,
Ikari_warriors3,Ikari III - The Rescue (USA),N,NOK,,,,,,,
Ikari Warriors (USA),Ikari Warriors (USA),Y,OK,,,,,,,
Image Fight (USA),Image Fight (USA),Y,OK,,,,,,,
Immortal,"Immortal, The (USA)",Y,NOK,"mv 'Immortal.nes' 'Immortal, The (USA).nes'",,,,,,
IronSword - Wizards & Warriors II (USA),IronSword - Wizards & Warriors II (USA),Y,OK,,,,,,,
IronTank,Iron Tank - The Invasion of Normandy (USA),N,NOK,,,,,,,
Isolated Warrior (USA),Isolated Warrior (USA),Y,OK,,,,,,,
Jackal (USA),Jackal (USA),Y,OK,,,,,,,
Jackie Chan's Action Kung Fu (USA),Jackie Chan's Action Kung Fu (USA),Y,OK,,,,,,,
Jaws (USA),Jaws (USA),Y,OK,,,,,,,
Jetsons,"Jetsons, The - Cogswell's Caper (USA)",Y,NOK,"mv 'Jetsons.nes' 'Jetsons, The - Cogswell's Caper (USA).nes'",,,,,,
Jimmy Connors Tennis (USA),Jimmy Connors Tennis (USA),Y,OK,,,,,,,
Joe & Mac (USA),Joe & Mac (USA),Y,OK,,,,,,,
Journey to Silius (USA),Journey to Silius (USA),Y,OK,,,,,,,
Jungle_book,"Jungle Book, The (USA)",N,NOK,,,,,,,
Jurassic Park (USA),Jurassic Park (USA),Y,OK,,,,,,,
Karate_kid,"Karate Kid, The (USA)",N,NOK,,,,,,,
Karnov (USA),Karnov (USA),Y,OK,,,,,,,
KeroKeroKeroppisBigAdventure,notfound,N,NOK,,,,,,,
KeroKeroKeroppisGreatBigAdventure2,notfound,N,NOK,,,,,,,
KeroppiandKeroleensSplashBomb!,notfound,N,NOK,,,,,,,
Kick Master (USA),Kick Master (USA),Y,OK,,,,,,,
Kick Off (Europe),Kick Off (Europe),Y,OK,,,,,,,
"Kid Icarus (USA, Europe)","Kid Icarus (USA, Europe)",Y,OK,,,,,,,
Kid Klown in Night Mayor World (USA),Kid Klown in Night Mayor World (USA),Y,OK,,,,,,,
Kid Kool and the Quest for the Seven Wonder Herbs (USA),Kid Kool and the Quest for the Seven Wonder Herbs (USA),Y,OK,,,,,,,
Kid_niki,Kid Niki - Radical Ninja (USA),N,NOK,,,,,,,
King Neptune's Adventure (USA) (Unl),King Neptune's Adventure (USA) (Unl),Y,OK,,,,,,,
King's Knight (USA),King's Knight (USA),Y,OK,,,,,,,
Kings of the Beach - Professional Beach Volleyball (USA),Kings of the Beach - Professional Beach Volleyball (USA),Y,OK,,,,,,,
Kirby's Adventure (USA),Kirby's Adventure (USA),Y,OK,,,,,,,
KiwiKraze,Kiwi Kraze - A Bird-Brained Adventure! (USA),N,NOK,,,,,,,
Konami Hyper Soccer (Europe),Konami Hyper Soccer (Europe),Y,OK,,,,,,,
KrionCon,"Krion Conquest, The (USA)",N,NOK,,,,,,,
Krusty's Fun House (USA),Krusty's Fun House (USA),Y,OK,,,,,,,
Kung-Fu Heroes (USA),Kung-Fu Heroes (USA),Y,OK,,,,,,,
Laser Invasion (USA),Laser Invasion (USA),Y,OK,,,,,,,
Legacy of the Wizard (USA),Legacy of the Wizard (USA),Y,OK,,,,,,,
Legendary Wings (USA),Legendary Wings (USA),Y,OK,,,,,,,
legend_of_kage,"Legend of Kage, The (USA)",N,NOK,,,,,,,
Legends of the Diamond - The Baseball Championship Game (USA),Legends of the Diamond - The Baseball Championship Game (USA),Y,OK,,,,,,,
LegGhost,Legend of the Ghost Lion (USA),N,NOK,,,,,,,
LegZelda,"Legend of Zelda, The (USA)",N,NOK,,,,,,,
Lemmings (USA),Lemmings (USA),Y,OK,,,,,,,
L'empereur,"Empereur, L&apos; (USA)",N,NOK,,,,,,,
Life Force (USA),Life Force (USA),Y,OK,,,,,,,
Linus Spacehead's Cosmic Crusade (USA) (Unl),Linus Spacehead's Cosmic Crusade (USA) (Unl),Y,OK,,,,,,,
little_mermaid,"Little Mermaid, The (USA)",N,NOK,,,,,,,
littlenemo,Little Nemo - The Dream Master (USA),N,NOK,,,,,,,
Little Ninja Brothers (USA),Little Ninja Brothers (USA),Y,OK,,,,,,,
Little Samson (USA),Little Samson (USA),Y,OK,,,,,,,
Lode Runner (USA),Lode Runner (USA),Y,OK,,,,,,,
LoneRngr,"Lone Ranger, The (USA)",N,NOK,,,,,,,
Loopz (USA),Loopz (USA),Y,OK,,,,,,,
Low_g_man,Low G Man - The Low Gravity Man (USA),N,NOK,,,,,,,
"Mach Rider (Japan, USA)","Mach Rider (Japan, USA)",Y,OK,,,,,,,
MadMax,Mad Max (USA),N,NOK,,,,,,,
Mafat_conspiracy,"Mafat Conspiracy, The (USA)",N,NOK,,,,,,,
magic_of_scheherazade,"Magic of Scheherazade, The (USA)",N,NOK,,,,,,,
Maniac Mansion (USA),Maniac Mansion (USA),Y,OK,,,,,,,
Mappy-Land (USA),Mappy-Land (USA),Y,OK,,,,,,,
Marble Madness (USA),Marble Madness (USA),Y,OK,,,,,,,
Mario Bros. (World),Super Mario Bros. (World),Y,NOK,mv 'Mario Bros. (World).nes' 'Super Mario Bros. (World).nes',,,,,,
MarioMis,Mario Is Missing! (USA),N,NOK,,,,,,,
Mario's Time Machine (USA),Mario's Time Machine (USA),Y,OK,,,,,,,
M.C. Kids (USA),M.C. Kids (USA),Y,OK,,,,,,,
Mechanized Attack (USA),Mechanized Attack (USA),Y,OK,,,,,,,
Mega Man 2 (USA),Mega Man 2 (USA),Y,OK,,,,,,,
Mega Man 3 (USA),Mega Man 3 (USA),Y,OK,,,,,,,
Mega Man 4 (USA),Mega Man 4 (USA),Y,OK,,,,,,,
Mega Man 5 (USA),Mega Man 5 (USA),Y,OK,,,,,,,
Mega Man 6 (USA),Mega Man 6 (USA),Y,OK,,,,,,,
Mega Man (USA),Mega Man (USA),Y,OK,,,,,,,
Mendel Palace (USA),Mendel Palace (USA),Y,OK,,,,,,,
Metal Fighter (USA) (Unl),Metal Fighter (USA) (Unl),Y,OK,,,,,,,
Metal Gear (USA),Metal Gear (USA),Y,OK,,,,,,,
Metal Storm (USA),Metal Storm (USA),Y,OK,,,,,,,
Metroid (USA),Metroid (USA),Y,OK,,,,,,,
Mickey Mousecapade (USA),Mickey Mousecapade (USA),Y,OK,,,,,,,
Mickey's Adventure in Numberland (USA),Mickey's Adventure in Numberland (USA),Y,OK,,,,,,,
Mickey's Safari in Letterland (USA),Mickey's Safari in Letterland (USA),Y,OK,,,,,,,
Micro Machines (USA) (Unl),Micro Machines (USA) (Unl),Y,OK,,,,,,,
Might_&_magic,Might &amp; Magic - Secret of the Inner Sanctum (USA),N,NOK,,,,,,,
Mighty Bomb Jack (USA),Mighty Bomb Jack (USA),Y,OK,,,,,,,
Mighty Final Fight (USA),Mighty Final Fight (USA),Y,OK,,,,,,,
"Mike Tyson's Punch-Out!! (Japan, USA)","Mike Tyson's Punch-Out!! (Japan, USA)",Y,OK,,,,,,,
Milon's Secret Castle (USA),Milon's Secret Castle (USA),Y,OK,,,,,,,
MiniPutt,notfound,N,NOK,,,,,,,
Mission_impossible,Mission Impossible (USA),N,NOK,,,,,,,
MitsumeGaTooru,notfound,N,NOK,,,,,,,
Monster in My Pocket (USA),Monster in My Pocket (USA),Y,OK,,,,,,,
Monster Party (USA),Monster Party (USA),Y,OK,,,,,,,
MoonCrystal,notfound,N,NOK,,,,,,,
MsPac-Man(Namco),Ms. Pac-Man (USA),N,NOK,,,,,,,
MupetAdv,Muppet Adventure - Chaos at the Carnival (USA),N,NOK,,,,,,,
Muscle,notfound,N,NOK,,,,,,,
MutVirus,"Mutant Virus, The - Crisis in a Computer World (USA)",N,NOK,,,,,,,
Mystery Quest (USA),Mystery Quest (USA),Y,OK,,,,,,,
Nadia,notfound,N,NOK,,,,,,,
NARC (USA),NARC (USA),Y,OK,,,,,,,
NaughtyKokkunsGourmetWorld,notfound,N,NOK,,,,,,,
NES Open Tournament Golf (USA),NES Open Tournament Golf (USA),Y,OK,,,,,,,
NES Play Action Football (USA),NES Play Action Football (USA),Y,OK,,,,,,,
Nigel Mansell's World Championship Challenge (USA),Nigel Mansell's World Championship Challenge (USA),Y,OK,,,,,,,
Nightshade (USA),Nightshade (USA),Y,OK,,,,,,,
NinjaBoy2,notfound,N,NOK,,,,,,,
Ninja Crusaders (USA),Ninja Crusaders (USA),Y,OK,,,,,,,
ninjagaiden2,Ninja Gaiden II - The Dark Sword of Chaos (USA),N,NOK,,,,,,,
ninjagaiden3,Ninja Gaiden III - The Ancient Ship of Doom (USA),N,NOK,,,,,,,
Ninja Gaiden (USA),Ninja Gaiden (USA),Y,OK,,,,,,,
Ninja Kid (USA),Ninja Kid (USA),Y,OK,,,,,,,
Nintendo World Cup (USA),Nintendo World Cup (USA),Y,OK,,,,,,,
Pac-Mania (USA) (Unl),Pac-Mania (USA) (Unl),Y,OK,,,,,,,
Pac-Man(Licensed),Pac-Man (USA),N,NOK,,,,,,,
Palamedes (USA),Palamedes (USA),Y,OK,,,,,,,
Panic Restaurant (USA),Panic Restaurant (USA),Y,OK,,,,,,,
Paperboy 2 (USA),Paperboy 2 (USA),Y,OK,,,,,,,
Paperboy (USA),Paperboy (USA),Y,OK,,,,,,,
Phantom Fighter (USA),Phantom Fighter (USA),Y,OK,,,,,,,
Pinball Quest (USA),Pinball Quest (USA),Y,OK,,,,,,,
Pinball (World),Pinball (World),Y,OK,,,,,,,
Popeye (World),Popeye (World),Y,OK,,,,,,,
Power Blade 2 (USA),Power Blade 2 (USA),Y,OK,,,,,,,
Power Blade (USA),Power Blade (USA),Y,OK,,,,,,,
Power Punch II (USA),Power Punch II (USA),Y,OK,,,,,,,
Pow,Wizards & Warriors III - Kuros...Visions of Power (USA),Y,NOK,mv 'Pow.nes' 'Wizards & Warriors III - Kuros...Visions of Power (USA).nes',,,,,,
Predator (USA),Predator (USA),Y,OK,,,,,,,
Prince of Persia (USA),Prince of Persia (USA),Y,OK,,,,,,,
princess_tomato,Princess Tomato in Salad Kingdom (USA),N,NOK,,,,,,,
Pro Sport Hockey (USA),Pro Sport Hockey (USA),Y,OK,,,,,,,
Pro Wrestling (USA),Pro Wrestling (USA),Y,OK,,,,,,,
Punisher,"Punisher, The (USA)",Y,NOK,"mv 'Punisher.nes' 'Punisher, The (USA).nes'",,,,,,
PuyoPuyo,notfound,N,NOK,,,,,,,
Puzznic (USA),Puzznic (USA),Y,OK,,,,,,,
Q-bert,Q-bert (USA),Y,NOK,mv 'Q-bert.nes' 'Q-bert (USA).nes',,,,,,
quantum_fighter,Kabuki - Quantum Fighter (USA),N,NOK,,,,,,,
Rad Racer (USA),Rad Racer (USA),Y,OK,,,,,,,
RadRacr2,Rad Racer II (USA),N,NOK,,,,,,,
RainIsls,Rainbow Islands (USA),N,NOK,,,,,,,
Rally Bike (USA),Rally Bike (USA),Y,OK,,,,,,,
Rambo (USA),Rambo (USA),Y,OK,,,,,,,
Rampart,Rampart (USA),Y,NOK,mv 'Rampart.nes' 'Rampart (USA).nes',,,,,,
R.B.I. Baseball 2 (USA) (Unl),R.B.I. Baseball 2 (USA) (Unl),Y,OK,,,,,,,
Rbi_baseball,R.B.I. Baseball (USA),N,NOK,,,,,,,
R.C. Pro-Am II (USA),R.C. Pro-Am II (USA),Y,OK,,,,,,,
R.C. Pro-Am (USA),R.C. Pro-Am (USA),Y,OK,,,,,,,
Remote Control (USA),Remote Control (USA),Y,OK,,,,,,,
Renegade (USA),Target Renegade (USA),Y,NOK,mv 'Renegade (USA).nes' 'Target Renegade (USA).nes',,,,,,
Ren_&_stimpy_buckaroos,"Ren &amp; Stimpy Show, The - Buckeroo$! (USA)",N,NOK,,,,,,,
Rescue,Rescue - The Embassy Mission (USA),Y,NOK,mv 'Rescue.nes' 'Rescue - The Embassy Mission (USA).nes',,,,,,
Ring King (USA),Ring King (USA),Y,OK,,,,,,,
River City Ransom (USA),River City Ransom (USA),Y,OK,,,,,,,
Road Runner (USA) (Unl),Road Runner (USA) (Unl),Y,OK,,,,,,,
RobnHood,Robin Hood - Prince of Thieves (USA),N,NOK,,,,,,,
RoboCop 2 (USA),RoboCop 2 (USA),Y,OK,,,,,,,
RoboCop 3 (USA),RoboCop 3 (USA),Y,OK,,,,,,,
RoboCop (USA),RoboCop (USA),Y,OK,,,,,,,
RoboWarr,Robo Warrior (USA),N,NOK,,,,,,,
RobVsTrm,RoboCop versus The Terminator (USA) (Proto),N,NOK,,,,,,,
Rocketeer,"Rocketeer, The (USA)",Y,NOK,"mv 'Rocketeer.nes' 'Rocketeer, The (USA).nes'",,,,,,
Rockin' Kats (USA),Rockin' Kats (USA),Y,OK,,,,,,,
Rock 'n' Ball (USA),Rock 'n' Ball (USA),Y,OK,,,,,,,
Roger Clemens' MVP Baseball (USA),Roger Clemens' MVP Baseball (USA),Y,OK,,,,,,,
Rollerblade Racer (USA),Rollerblade Racer (USA),Y,OK,,,,,,,
Roller_games,Rollergames (USA),N,NOK,,,,,,,
Rolling Thunder (USA) (Unl),Rolling Thunder (USA) (Unl),Y,OK,,,,,,,
Romance of the Three Kingdoms II (USA),Romance of the Three Kingdoms II (USA),Y,OK,,,,,,,
Romance of the Three Kingdoms (USA),Romance of the Three Kingdoms (USA),Y,OK,,,,,,,
ROM City Rampage (World) (Unl),ROM City Rampage (World) (Unl),Y,OK,,,,,,,
Roundball,Roundball - 2-on-2 Challenge (USA),Y,NOK,mv 'Roundball.nes' 'Roundball - 2-on-2 Challenge (USA).nes',,,,,,
Rush'n Attack (USA),Rush'n Attack (USA),Y,OK,,,,,,,
Rygar (USA),Rygar (USA),Y,OK,,,,,,,
SanrioCarnival2,notfound,N,NOK,,,,,,,
SanrioCup,notfound,N,NOK,,,,,,,
Scat,S.C.A.T. - Special Cybernetic Attack Team (USA),N,NOK,,,,,,,
SDSplatterHouse,notfound,N,NOK,,,,,,,
Section-Z (USA),Section-Z (USA),Y,OK,,,,,,,
Seicross (USA),Seicross (USA),Y,OK,,,,,,,
Shadowgate (USA),Shadowgate (USA),Y,OK,,,,,,,
Shatterhand (USA),Shatterhand (USA),Y,OK,,,,,,,
Shingen the Ruler (USA),Shingen the Ruler (USA),Y,OK,,,,,,,
Shinobi (USA) (Unl),Shinobi (USA) (Unl),Y,OK,,,,,,,
Shockwave (USA) (Unl),Shockwave (USA) (Unl),Y,OK,,,,,,,
ShortEgg,Short Order + Egg-Splode! (USA),N,NOK,,,,,,,
Side Pocket (USA),Side Pocket (USA),Y,OK,,,,,,,
Silent Assault (USA) (Unl),Silent Assault (USA) (Unl),Y,OK,,,,,,,
Silent Service (USA),Silent Service (USA),Y,OK,,,,,,,
Silk_worm,notfound,N,NOK,,,,,,,
Silver Surfer (USA),Silver Surfer (USA),Y,OK,,,,,,,
simpsons_bart_meets_radioactive_man,notfound,N,NOK,,,,,,,
simpsons_bart_vs_space_mutants,notfound,N,NOK,,,,,,,
simpsons_bart_vs_the_world,notfound,N,NOK,,,,,,,
Skate_or_die2,notfound,N,NOK,,,,,,,
Skate_or_die,notfound,N,NOK,,,,,,,
Skull & Crossbones (USA) (Unl),Skull & Crossbones (USA) (Unl),Y,OK,,,,,,,
Sky_kid,notfound,N,NOK,,,,,,,
Sky Shark (USA),Sky Shark (USA),Y,OK,,,,,,,
Slalom (USA),Slalom (USA),Y,OK,,,,,,,
Smash T.V. (USA),Smash T.V. (USA),Y,OK,,,,,,,
Snake Rattle n Roll (USA),Snake Rattle n Roll (USA),Y,OK,,,,,,,
Snake's Revenge (USA),Snake's Revenge (USA),Y,OK,,,,,,,
Snoopy's Silly Sports Spectacular! (USA),Snoopy's Silly Sports Spectacular! (USA),Y,OK,,,,,,,
Snow Brothers (USA),Snow Brothers (USA),Y,OK,,,,,,,
SoftballHeaven,notfound,N,NOK,,,,,,,
Solar_jetman,notfound,N,NOK,,,,,,,
Solbrain,notfound,N,NOK,,,,,,,
Solomon's Key (USA),Solomon's Key (USA),Y,OK,,,,,,,
Solstice,Solstice - The Quest for the Staff of Demnos (USA),Y,NOK,mv 'Solstice.nes' 'Solstice - The Quest for the Staff of Demnos (USA).nes',,,,,,
Spelunker (USA),Spelunker (USA),Y,OK,,,,,,,
Spider-Man-ReturnoftheSinisterSix,notfound,N,NOK,,,,,,,
Spiritual Warfare (USA) (Unl),Spiritual Warfare (USA) (Unl),Y,OK,,,,,,,
Spot,Spot - The Video Game (USA),Y,NOK,mv 'Spot.nes' 'Spot - The Video Game (USA).nes',,,,,,
Spy Hunter (USA),Super Spy Hunter (USA),Y,NOK,mv 'Spy Hunter (USA).nes' 'Super Spy Hunter (USA).nes',,,,,,
Spy_vs_spy,notfound,N,NOK,,,,,,,
Sqoon (USA),Sqoon (USA),Y,OK,,,,,,,
Stack-Up (World),Stack-Up (World),Y,OK,,,,,,,
Stanley,Stanley - The Search for Dr. Livingston (USA),Y,NOK,mv 'Stanley.nes' 'Stanley - The Search for Dr. Livingston (USA).nes',,,,,,
Star Force (USA),Star Force (USA),Y,OK,,,,,,,
Starship Hector (USA),Starship Hector (USA),Y,OK,,,,,,,
Star Soldier (USA),Star Soldier (USA),Y,OK,,,,,,,
Star_trek_25th_anniversary,notfound,N,NOK,,,,,,,
StarTrek,notfound,N,NOK,,,,,,,
StarTropics (USA),StarTropics (USA),Y,OK,,,,,,,
Star Voyager (USA),Star Voyager (USA),Y,OK,,,,,,,
Star Wars (USA),Star Wars (USA),Y,OK,,,,,,,
Stealth ATF (USA),Stealth ATF (USA),Y,OK,,,,,,,
Sted,notfound,N,NOK,,,,,,,
Stinger (USA),Stinger (USA),Y,OK,,,,,,,
Street Cop (USA),Street Cop (USA),Y,OK,,,,,,,
Street_fighter_2010,notfound,N,NOK,,,,,,,
Strider (USA),Strider (USA),Y,OK,,,,,,,
Super Cars (USA),Super Cars (USA),Y,OK,,,,,,,
Super C (USA),Super C (USA),Y,OK,,,,,,,
Super Dodge Ball (USA),Super Dodge Ball (USA),Y,OK,,,,,,,
Super Glove Ball (USA),Super Glove Ball (USA),Y,OK,,,,,,,
Superman (USA),Superman (USA),Y,OK,,,,,,,
Super Mario Bros. 2 (USA),Super Mario Bros. 2 (USA),Y,OK,,,,,,,
Super Mario Bros. 3 (USA),Super Mario Bros. 3 (USA),Y,OK,,,,,,,
SuperMarioBros-DuckHunt,notfound,N,NOK,,,,,,,
super_offroad,notfound,N,NOK,,,,,,,
Super Pitfall (USA),Super Pitfall (USA),Y,OK,,,,,,,
Super Spike V'Ball (USA),Super Spike V'Ball (USA),Y,OK,,,,,,,
Super Sprint (USA) (Unl),Super Sprint (USA) (Unl),Y,OK,,,,,,,
Super Spy Hunter (USA),Super Spy Hunter (USA),Y,OK,,,,,,,
Swamp Thing (USA),Swamp Thing (USA),Y,OK,,,,,,,
SweetHome,notfound,N,NOK,,,,,,,
Sword Master (USA),Sword Master (USA),Y,OK,,,,,,,
Swords and Serpents (USA),Swords and Serpents (USA),Y,OK,,,,,,,
Taboo,Taboo - The Sixth Sense (USA),Y,NOK,mv 'Taboo.nes' 'Taboo - The Sixth Sense (USA).nes',,,,,,
Tagin' Dragon (USA) (Unl),Tagin' Dragon (USA) (Unl),Y,OK,,,,,,,
TaleSpin (USA),TaleSpin (USA),Y,OK,,,,,,,
TargtRen,notfound,N,NOK,,,,,,,
T&C2,notfound,N,NOK,,,,,,,
t&c,notfound,N,NOK,,,,,,,
TechnosIceHockey,notfound,N,NOK,,,,,,,
TechnosSamurai,notfound,N,NOK,,,,,,,
Tecmo Bowl (USA),Tecmo Bowl (USA),Y,OK,,,,,,,
Tecmo_cup_soccer,notfound,N,NOK,,,,,,,
Tecmo NBA Basketball (USA),Tecmo NBA Basketball (USA),Y,OK,,,,,,,
Tecmo World Cup Soccer (Europe),Tecmo World Cup Soccer (Europe),Y,OK,,,,,,,
Tecmo World Wrestling (USA),Tecmo World Wrestling (USA),Y,OK,,,,,,,
Teenage_mutant_ninja_turtles2,notfound,N,NOK,,,,,,,
Teenage_mutant_ninja_turtles3,notfound,N,NOK,,,,,,,
Teenage Mutant Ninja Turtles (USA),Teenage Mutant Ninja Turtles (USA),Y,OK,,,,,,,
Terminator_2_judgement_day,notfound,N,NOK,,,,,,,
Terra Cresta (USA),Terra Cresta (USA),Y,OK,,,,,,,
Tetrastar,notfound,N,NOK,,,,,,,
Tetris 2 (USA),Tetris 2 (USA),Y,OK,,,,,,,
Tetris (USA),Tetris (USA),Y,OK,,,,,,,
Thunderbirds (USA),Thunderbirds (USA),Y,OK,,,,,,,
Time Lord (USA),Time Lord (USA),Y,OK,,,,,,,
Tiny_toon_adventures2,notfound,N,NOK,,,,,,,
Tiny Toon Adventures Cartoon Workshop (USA),Tiny Toon Adventures Cartoon Workshop (USA),Y,OK,,,,,,,
Tiny Toon Adventures (USA),Tiny Toon Adventures (USA),Y,OK,,,,,,,
Toki (USA),Toki (USA),Y,OK,,,,,,,
Tombs & Treasure (USA),Tombs & Treasure (USA),Y,OK,,,,,,,
Tom & Jerry - The Ultimate Game of Cat and Mouse! (USA),Tom & Jerry - The Ultimate Game of Cat and Mouse! (USA),Y,OK,,,,,,,
Toobin' (USA) (Unl),Toobin' (USA) (Unl),Y,OK,,,,,,,
Top_gun2,notfound,N,NOK,,,,,,,
Top Gun (USA),Top Gun (USA),Y,OK,,,,,,,
Totally Rad (USA),Totally Rad (USA),Y,OK,,,,,,,
Toxic Crusaders (USA),Toxic Crusaders (USA),Y,OK,,,,,,,
Treasure Master (USA),Treasure Master (USA),Y,OK,,,,,,,
Trog! (USA),Trog! (USA),Y,OK,,,,,,,
Trojan (USA),Trojan (USA),Y,OK,,,,,,,
TwinBee3,notfound,N,NOK,,,,,,,
Ultimate_stuntman,notfound,N,NOK,,,,,,,
Uncharted Waters (USA),Uncharted Waters (USA),Y,OK,,,,,,,
Uninvited (USA),Uninvited (USA),Y,OK,,,,,,,
Untouchables,"Untouchables, The (USA)",Y,NOK,"mv 'Untouchables.nes' 'Untouchables, The (USA).nes'",,,,,,
Urban Champion (World),Urban Champion (World),Y,OK,,,,,,,
VenusWr,notfound,N,NOK,,,,,,,
Wacky Races (USA),Wacky Races (USA),Y,OK,,,,,,,
Wario's Woods (USA),Wario's Woods (USA),Y,OK,,,,,,,
Wayne's World (USA),Wayne's World (USA),Y,OK,,,,,,,
Werewolf,Werewolf - The Last Warrior (USA),Y,NOK,mv 'Werewolf.nes' 'Werewolf - The Last Warrior (USA).nes',,,,,,
where's_waldo,notfound,N,NOK,,,,,,,
WherTime,notfound,N,NOK,,,,,,,
Who Framed Roger Rabbit (USA),Who Framed Roger Rabbit (USA),Y,OK,,,,,,,
Whomp 'Em (USA),Whomp 'Em (USA),Y,OK,,,,,,,
Widget (USA),Widget (USA),Y,OK,,,,,,,
Wild Gunman (World),Wild Gunman (World),Y,OK,,,,,,,
Willow (USA),Willow (USA),Y,OK,,,,,,,
Winter Games (USA),Winter Games (USA),Y,OK,,,,,,,
wizards_n_warriors3,notfound,N,NOK,,,,,,,
Wolverine (USA),Wolverine (USA),Y,OK,,,,,,,
World_championship_wrestling,notfound,N,NOK,,,,,,,
World Games (USA),World Games (USA),Y,OK,,,,,,,
Wrath of the Black Manta (USA),Wrath of the Black Manta (USA),Y,OK,,,,,,,
Wrecking Crew (World),Wrecking Crew (World),Y,OK,,,,,,,
Wurm,Wurm - Journey to the Center of the Earth! (USA),Y,NOK,mv 'Wurm.nes' 'Wurm - Journey to the Center of the Earth! (USA).nes',,,,,,
Xevious,Xevious - The Avenger (USA),Y,NOK,mv 'Xevious.nes' 'Xevious - The Avenger (USA).nes',,,,,,
Xexyz (USA),Xexyz (USA),Y,OK,,,,,,,
Yo! Noid (USA),Yo! Noid (USA),Y,OK,,,,,,,
Yoshi's Cookie (USA),Yoshi's Cookie (USA),Y,OK,,,,,,,
Yoshi (USA),Yoshi (USA),Y,OK,,,,,,,
"Young Indiana Jones Chronicles, The (USA)","Young Indiana Jones Chronicles, The (USA)",Y,OK,,,,,,,
Ys2,notfound,N,NOK,,,,,,,
Ys,notfound,N,NOK,,,,,,,
Zelda2,notfound,N,NOK,,,,,,,
zen_intergalactic_ninja,notfound,N,NOK,,,,,,,
zoda's_revenge,notfound,N,NOK,,,,,,,
Zombie Nation (USA),Zombie Nation (USA),Y,OK,,,,,,,
